label,git_sha,config_hash,seed,signal,scheme,naive_universe,same_close_execution,apply_costs,flat_cost_bps,n_quantiles,formation,skip,sharpe_full,sharpe_is,sharpe_oos,ann_turnover,mean_monthly_gross
mom_12_1|decile|q5|f6,bb0b70a,4e9507429916,20260829,mom_12_1,decile,False,False,True,10.0,5,6,1,0.01242257727594333,-0.07474492804876078,0.0898913934999702,8.871198484372899,0.0016193498202690094
mom_12_1|decile|q10|f6,bb0b70a,4e9507429916,20260829,mom_12_1,decile,False,False,True,10.0,10,6,1,0.0878884329476782,0.08533448020433544,0.0927814177840793,10.424536184262035,0.0030216007731671667
mom_12_1|rank|q5|f6,bb0b70a,4e9507429916,20260829,mom_12_1,rank,False,False,True,10.0,5,6,1,-0.01802223153627626,-0.0447357280662821,0.0061100667885355025,7.016726313715953,0.0010065889636934387
mom_12_1|rank|q10|f6,bb0b70a,4e9507429916,20260829,mom_12_1,rank,False,False,True,10.0,10,6,1,-0.01802223153627626,-0.0447357280662821,0.0061100667885355025,7.016726313715953,0.0010065889636934387
mom_12_1|invvol|q5|f6,bb0b70a,4e9507429916,20260829,mom_12_1,invvol,False,False,True,10.0,5,6,1,-0.03531441770016957,-0.06472840858279884,-0.006119765515090191,7.126699035876479,0.0008907256322383944
mom_12_1|invvol|q10|f6,bb0b70a,4e9507429916,20260829,mom_12_1,invvol,False,False,True,10.0,10,6,1,-0.03531441770016957,-0.06472840858279884,-0.006119765515090191,7.126699035876479,0.0008907256322383944
mom_12_1|decile|q5|f9,bb0b70a,4e9507429916,20260829,mom_12_1,decile,False,False,True,10.0,5,9,1,0.1269522071900578,0.16290229979381027,0.09706947774121567,7.191583313179293,0.0028175373875610385
mom_12_1|decile|q10|f9,bb0b70a,4e9507429916,20260829,mom_12_1,decile,False,False,True,10.0,10,9,1,0.1942443609094708,0.22962119147721782,0.1668815257334776,8.47128797541202,0.004630843575666047
mom_12_1|rank|q5|f9,bb0b70a,4e9507429916,20260829,mom_12_1,rank,False,False,True,10.0,5,9,1,0.09590468411985922,0.12076618233579443,0.07498915069181361,5.576455590678079,0.0019170487783816748
mom_12_1|rank|q10|f9,bb0b70a,4e9507429916,20260829,mom_12_1,rank,False,False,True,10.0,10,9,1,0.09590468411985922,0.12076618233579443,0.07498915069181361,5.576455590678079,0.0019170487783816748
mom_12_1|invvol|q5|f9,bb0b70a,4e9507429916,20260829,mom_12_1,invvol,False,False,True,10.0,5,9,1,0.07392064752119488,0.13639194414714578,0.013063426159072106,5.693934046067291,0.001649221961371438
mom_12_1|invvol|q10|f9,bb0b70a,4e9507429916,20260829,mom_12_1,invvol,False,False,True,10.0,10,9,1,0.07392064752119488,0.13639194414714578,0.013063426159072106,5.693934046067291,0.001649221961371438
mom_12_1|decile|q5|f12,bb0b70a,4e9507429916,20260829,mom_12_1,decile,False,False,True,10.0,5,12,1,0.12062175562314928,0.048171127262959995,0.19161675686108418,6.196734202459786,0.002637037393204179
mom_12_1|decile|q10|f12,bb0b70a,4e9507429916,20260829,mom_12_1,decile,False,False,True,10.0,10,12,1,0.08418957776825313,0.025652619888082123,0.139887487760798,7.31157202004619,0.002664000984374546
mom_12_1|rank|q5|f12,bb0b70a,4e9507429916,20260829,mom_12_1,rank,False,False,True,10.0,5,12,1,0.06018014509914217,-0.04010199343604325,0.15663958662519567,4.772013968345776,0.0014335166208531748
mom_12_1|rank|q10|f12,bb0b70a,4e9507429916,20260829,mom_12_1,rank,False,False,True,10.0,10,12,1,0.06018014509914217,-0.04010199343604325,0.15663958662519567,4.772013968345776,0.0014335166208531748
mom_12_1|invvol|q5|f12,bb0b70a,4e9507429916,20260829,mom_12_1,invvol,False,False,True,10.0,5,12,1,0.04256230632889361,-0.02198988357520608,0.10987891768743513,4.873446527452758,0.001226756298836382
mom_12_1|invvol|q10|f12,bb0b70a,4e9507429916,20260829,mom_12_1,invvol,False,False,True,10.0,10,12,1,0.04256230632889361,-0.02198988357520608,0.10987891768743513,4.873446527452758,0.001226756298836382
strev_1|decile|q5|f1,bb0b70a,4e9507429916,20260829,strev_1,decile,False,False,True,10.0,5,1,1,-0.16651542570226394,0.19660313651844205,-0.44395196639946,19.167961383860682,0.0013832401415334095
strev_1|decile|q10|f1,bb0b70a,4e9507429916,20260829,strev_1,decile,False,False,True,10.0,10,1,1,-0.279517736669172,0.06718537813595749,-0.5451649842029965,21.124416707897645,-0.0005819909186319578
strev_1|rank|q5|f1,bb0b70a,4e9507429916,20260829,strev_1,rank,False,False,True,10.0,5,1,1,-0.18655229547826296,0.25698371948264725,-0.5376821127853197,15.972387477543112,0.001035336766600231
strev_1|rank|q10|f1,bb0b70a,4e9507429916,20260829,strev_1,rank,False,False,True,10.0,10,1,1,-0.18655229547826296,0.25698371948264725,-0.5376821127853197,15.972387477543112,0.001035336766600231
strev_1|invvol|q5|f1,bb0b70a,4e9507429916,20260829,strev_1,invvol,False,False,True,10.0,5,1,1,-0.1736561174702696,0.26237008205619944,-0.5470305877479552,16.060500844471957,0.0012761752110429275
strev_1|invvol|q10|f1,bb0b70a,4e9507429916,20260829,strev_1,invvol,False,False,True,10.0,10,1,1,-0.1736561174702696,0.26237008205619944,-0.5470305877479552,16.060500844471957,0.0012761752110429275
lowvol|decile|q5|f6,bb0b70a,4e9507429916,20260829,lowvol,decile,False,False,True,10.0,5,6,1,-0.27944968869477543,0.03291473768785489,-0.5470984922050879,3.437750466872612,-0.004083379705509894
lowvol|decile|q10|f6,bb0b70a,4e9507429916,20260829,lowvol,decile,False,False,True,10.0,10,6,1,-0.2514071348742856,0.08287457466881416,-0.5247423345026121,4.285068597800949,-0.004585657326225301
lowvol|rank|q5|f6,bb0b70a,4e9507429916,20260829,lowvol,rank,False,False,True,10.0,5,6,1,-0.2548203284829789,0.08831904018537524,-0.5510113903085956,2.585654892543875,-0.0029398552996686036
lowvol|rank|q10|f6,bb0b70a,4e9507429916,20260829,lowvol,rank,False,False,True,10.0,10,6,1,-0.2548203284829789,0.08831904018537524,-0.5510113903085956,2.585654892543875,-0.0029398552996686036
lowvol|invvol|q5|f6,bb0b70a,4e9507429916,20260829,lowvol,invvol,False,False,True,10.0,5,6,1,-0.22709838634534213,0.09668319277227147,-0.5181255207431051,2.629241160501319,-0.002399106809223481
lowvol|invvol|q10|f6,bb0b70a,4e9507429916,20260829,lowvol,invvol,False,False,True,10.0,10,6,1,-0.22709838634534213,0.09668319277227147,-0.5181255207431051,2.629241160501319,-0.002399106809223481
lowvol|decile|q5|f12,bb0b70a,4e9507429916,20260829,lowvol,decile,False,False,True,10.0,5,12,1,-0.2404907917663102,0.11470428558471865,-0.5454118103241737,2.278885620244024,-0.003651953239053638
lowvol|decile|q10|f12,bb0b70a,4e9507429916,20260829,lowvol,decile,False,False,True,10.0,10,12,1,-0.2620321464360958,0.05150979735210658,-0.524485426979208,2.901486993023002,-0.005106671264761005
lowvol|rank|q5|f12,bb0b70a,4e9507429916,20260829,lowvol,rank,False,False,True,10.0,5,12,1,-0.2538446761998344,0.09651003059717371,-0.5501253375257527,1.6880194546475655,-0.003117651982320121
lowvol|rank|q10|f12,bb0b70a,4e9507429916,20260829,lowvol,rank,False,False,True,10.0,10,12,1,-0.2538446761998344,0.09651003059717371,-0.5501253375257527,1.6880194546475655,-0.003117651982320121
lowvol|invvol|q5|f12,bb0b70a,4e9507429916,20260829,lowvol,invvol,False,False,True,10.0,5,12,1,-0.22789915769285088,0.10628128089459664,-0.519544473730211,1.7129004593755184,-0.0026147814362706013
lowvol|invvol|q10|f12,bb0b70a,4e9507429916,20260829,lowvol,invvol,False,False,True,10.0,10,12,1,-0.22789915769285088,0.10628128089459664,-0.519544473730211,1.7129004593755184,-0.0026147814362706013
composite|decile|q5|f12,bb0b70a,4e9507429916,20260829,composite,decile,False,False,True,10.0,5,12,1,-0.23406535704589027,0.18377897219597858,-0.6112955388715725,13.35380022489164,-0.0006718704503650502
composite|decile|q10|f12,bb0b70a,4e9507429916,20260829,composite,decile,False,False,True,10.0,10,12,1,-0.1642258745683715,0.38997963532498275,-0.637050878646112,16.652759514445073,0.0004729063180978073
composite|rank|q5|f12,bb0b70a,4e9507429916,20260829,composite,rank,False,False,True,10.0,5,12,1,-0.25291560775887495,0.15332203142119752,-0.6188239984015574,10.396722310473127,-0.0008410219794006941
composite|rank|q10|f12,bb0b70a,4e9507429916,20260829,composite,rank,False,False,True,10.0,10,12,1,-0.25291560775887495,0.15332203142119752,-0.6188239984015574,10.396722310473127,-0.0008410219794006941
composite|invvol|q5|f12,bb0b70a,4e9507429916,20260829,composite,invvol,False,False,True,10.0,5,12,1,-0.21358775706732486,0.18940934668038562,-0.5912445787807071,10.453971340810128,-0.00031454566857261096
composite|invvol|q10|f12,bb0b70a,4e9507429916,20260829,composite,invvol,False,False,True,10.0,10,12,1,-0.21358775706732486,0.18940934668038562,-0.5912445787807071,10.453971340810128,-0.00031454566857261096
